Type	Res	Pos	b-ion	y-ion
C-term	N	4	361.38	7979.43
C-term	E	7	688.71	7652.10
C-term	D	13	1355.43	6985.37
C-term	N	15	1566.65	6774.16
C-term	N	19	1962.06	6378.75
C-term	N	23	2315.43	6025.37
C-term	E	24	2444.55	5896.26
C-term	D	30	2972.08	5368.73
C-term	N	35	3427.54	4913.26
C-term	D	39	3807.94	4532.87
C-term	D	46	4405.56	3935.25
C-term	N	53	4976.15	3364.65
C-term	D	57	5334.50	3006.31
C-term	D	67	6231.44	2109.37
C-term	N	78	7198.48	1142.33
C-term	N	82	7640.00	700.80
C-term	E	85	7937.31	403.50
N-term	P	6	462.48	7878.33
N-term	P	9	816.88	7523.92
N-term	P	10	914.00	7426.81
N-term	P	14	1355.43	6985.37
N-term	P	16	1566.65	6774.16
N-term	P	17	1663.76	6677.04
N-term	P	20	1962.06	6378.75
N-term	P	36	3427.54	4913.26
N-term	P	37	3524.66	4816.15
N-term	P	42	3980.12	4360.69
N-term	P	64	5851.04	2489.76
N-term	P	65	5948.16	2392.65
N-term	P	76	6916.18	1424.62
N-term	P	83	7640.00	700.80
				
				
				
				
				
				
				
				
				
				
				
				
				
				
				
				
				
				
				
				
				
				
				
				
				
				
				
				
				
				
				
				
				
				
				
				
				
				
				
				
				
				
				
				
				
				
				
				
				
				
				
				
				
				
				
				
				
				
				
				
				
				
				
				
				
				
				
				
